{
  "trained_at": "2026-02-27 05:52:20",
  "dataset": "D:\\github-projects\\qrshildessss\\qrshilde\\data\\malicious_phish_Dataset.csv",
  "rows": 651191,
  "label_mapping": {
    "benign": 0,
    "other": 1
  },
  "imbalance": {
    "pos": 178470,
    "neg": 342482,
    "scale_pos_weight": 1.9189891858575672
  },
  "metrics_default_thr_0_5": {
    "threshold": 0.5,
    "accuracy": 0.9402790254839181,
    "precision": 0.896521289878159,
    "recall": 0.9334125240934152,
    "f1": 0.9145950456781448,
    "confusion_matrix": [
      [
        80814,
        4807
      ],
      [
        2971,
        41647
      ]
    ]
  },
  "metrics_tuned_best_f1": {
    "threshold": 0.6,
    "accuracy": 0.9432197728790915,
    "precision": 0.9230559407178415,
    "recall": 0.9101259581334887,
    "f1": 0.9165453499001253,
    "confusion_matrix": [
      [
        82236,
        3385
      ],
      [
        4010,
        40608
      ]
    ]
  },
  "suggested_threshold": 0.6,
  "notes": "Set URL_MAL_THRESHOLD env var to suggested_threshold for best F1 (or tune for recall if you prefer)."
}