{
  "trained_at": "2026-02-26 22:40:21",
  "dataset": "D:\\github-projects\\qrshilde\\data\\malicious_phish_Dataset.csv",
  "rows": 651191,
  "label_mapping": {
    "benign": 0,
    "other": 1
  },
  "metrics": {
    "accuracy": 0.7890032939442102,
    "precision": 0.6809179967908116,
    "recall": 0.7228248688869963,
    "f1": 0.7012458959361614,
    "confusion_matrix": [
      [
        70508,
        15113
      ],
      [
        12367,
        32251
      ]
    ]
  }
}